{
    "2025-06": {
        "total": 389259570,
        "per_orang": 25950638
    },
    "2025-07": {
        "total": 376627550,
        "per_orang": 25108503
    },
    "2025-08": {
        "total": 417779187,
        "per_orang": 27851945
    },
    "2025-09": {
        "total": 377293754,
        "per_orang": 25152916
    },
    "2025-10": {
        "total": 378728064,
        "per_orang": 25248537
    },
    "2025-11": {
        "total": 348302445,
        "per_orang": 23220163
    },
    "2025-12": {
        "total": 486905566,
        "per_orang": 34778969
    }
}