{
    "bulan": "2025-09",
    "items": [
        {
            "nik": "001",
            "nama": "001",
            "jabatan": "Karyawan",
            "gapok": 875000,
            "komisi": 264433,
            "lembur": 40000,
            "bonus_absensi": 0,
            "bonus": 132217,
            "tunj_jabatan": 0,
            "tunj_bpjs": 30000,
            "potongan": 0,
            "catatan": "",
            "total": 1341650,
            "target": 25152916,
            "level": 5,
            "progress": 105.13,
            "penjualan": 26443330
        },
        {
            "nik": "003",
            "nama": "003",
            "jabatan": "Karyawan",
            "gapok": 850000,
            "komisi": 239307,
            "lembur": 40000,
            "bonus_absensi": 0,
            "bonus": 0,
            "tunj_jabatan": 0,
            "tunj_bpjs": 30000,
            "potongan": 0,
            "catatan": "",
            "total": 1159307,
            "target": 25152916,
            "level": null,
            "progress": 95.14,
            "penjualan": 23930720
        },
        {
            "nik": "006",
            "nama": "006",
            "jabatan": "Senior",
            "gapok": 925000,
            "komisi": 188464,
            "lembur": 40000,
            "bonus_absensi": 0,
            "bonus": 0,
            "tunj_jabatan": 150000,
            "tunj_bpjs": 30000,
            "potongan": 0,
            "catatan": "",
            "total": 1333464,
            "target": 25152916,
            "level": null,
            "progress": 74.93,
            "penjualan": 18846420
        },
        {
            "nik": "010",
            "nama": "010",
            "jabatan": "Senior",
            "gapok": 900000,
            "komisi": 214188,
            "lembur": 50000,
            "bonus_absensi": 0,
            "bonus": 0,
            "tunj_jabatan": 150000,
            "tunj_bpjs": 30000,
            "potongan": 0,
            "catatan": "",
            "total": 1344188,
            "target": 25152916,
            "level": null,
            "progress": 85.15,
            "penjualan": 21418810
        },
        {
            "nik": "014",
            "nama": "014",
            "jabatan": "Senior",
            "gapok": 925000,
            "komisi": 186117,
            "lembur": 30000,
            "bonus_absensi": 0,
            "bonus": 0,
            "tunj_jabatan": 150000,
            "tunj_bpjs": 30000,
            "potongan": 0,
            "catatan": "",
            "total": 1321117,
            "target": 25152916,
            "level": null,
            "progress": 73.99,
            "penjualan": 18611680
        },
        {
            "nik": "016",
            "nama": "016",
            "jabatan": "Karyawan",
            "gapok": 875000,
            "komisi": 290581,
            "lembur": 130000,
            "bonus_absensi": 0,
            "bonus": 435872,
            "tunj_jabatan": 0,
            "tunj_bpjs": 30000,
            "potongan": 0,
            "catatan": "",
            "total": 1761453,
            "target": 25152916,
            "level": 15,
            "progress": 115.53,
            "penjualan": 29058105
        },
        {
            "nik": "019",
            "nama": "019",
            "jabatan": "Senior",
            "gapok": 900000,
            "komisi": 238148,
            "lembur": 40000,
            "bonus_absensi": 0,
            "bonus": 0,
            "tunj_jabatan": 150000,
            "tunj_bpjs": 30000,
            "potongan": 0,
            "catatan": "",
            "total": 1358148,
            "target": 25152916,
            "level": null,
            "progress": 94.68,
            "penjualan": 23814805
        },
        {
            "nik": "023",
            "nama": "023",
            "jabatan": "Karyawan",
            "gapok": 850000,
            "komisi": 199198,
            "lembur": 40000,
            "bonus_absensi": 0,
            "bonus": 0,
            "tunj_jabatan": 0,
            "tunj_bpjs": 30000,
            "potongan": 0,
            "catatan": "",
            "total": 1119198,
            "target": 25152916,
            "level": null,
            "progress": 79.19,
            "penjualan": 19919840
        },
        {
            "nik": "025",
            "nama": "025",
            "jabatan": "Karyawan",
            "gapok": 850000,
            "komisi": 227010,
            "lembur": 40000,
            "bonus_absensi": 0,
            "bonus": 0,
            "tunj_jabatan": 0,
            "tunj_bpjs": 30000,
            "potongan": 0,
            "catatan": "",
            "total": 1147010,
            "target": 25152916,
            "level": null,
            "progress": 90.25,
            "penjualan": 22701035
        },
        {
            "nik": "059",
            "nama": "059",
            "jabatan": "Karyawan",
            "gapok": 850000,
            "komisi": 199329,
            "lembur": 40000,
            "bonus_absensi": 25000,
            "bonus": 0,
            "tunj_jabatan": 0,
            "tunj_bpjs": 30000,
            "potongan": 0,
            "catatan": "",
            "total": 1144329,
            "target": 25152916,
            "level": null,
            "progress": 79.25,
            "penjualan": 19932860
        },
        {
            "nik": "064",
            "nama": "064",
            "jabatan": "Karyawan",
            "gapok": 850000,
            "komisi": 198592,
            "lembur": 30000,
            "bonus_absensi": 0,
            "bonus": 0,
            "tunj_jabatan": 0,
            "tunj_bpjs": 30000,
            "potongan": 0,
            "catatan": "",
            "total": 1108592,
            "target": 25152916,
            "level": null,
            "progress": 78.95,
            "penjualan": 19859220
        },
        {
            "nik": "121",
            "nama": "121",
            "jabatan": "Karyawan",
            "gapok": 850000,
            "komisi": 200633,
            "lembur": 40000,
            "bonus_absensi": 0,
            "bonus": 0,
            "tunj_jabatan": 0,
            "tunj_bpjs": 30000,
            "potongan": 0,
            "catatan": "",
            "total": 1120633,
            "target": 25152916,
            "level": null,
            "progress": 79.77,
            "penjualan": 20063255
        },
        {
            "nik": "125",
            "nama": "125",
            "jabatan": "Karyawan",
            "gapok": 850000,
            "komisi": 295716,
            "lembur": 50000,
            "bonus_absensi": 0,
            "bonus": 443574,
            "tunj_jabatan": 0,
            "tunj_bpjs": 30000,
            "potongan": 0,
            "catatan": "",
            "total": 1669290,
            "target": 25152916,
            "level": 15,
            "progress": 117.57,
            "penjualan": 29571600
        },
        {
            "nik": "146",
            "nama": "146",
            "jabatan": "Karyawan",
            "gapok": 800000,
            "komisi": 293497,
            "lembur": 30000,
            "bonus_absensi": 0,
            "bonus": 440245,
            "tunj_jabatan": 0,
            "tunj_bpjs": 30000,
            "potongan": 0,
            "catatan": "",
            "total": 1593742,
            "target": 25152916,
            "level": 15,
            "progress": 116.68,
            "penjualan": 29349660
        },
        {
            "nik": "203",
            "nama": "203",
            "jabatan": "Karyawan",
            "gapok": 800000,
            "komisi": 299135,
            "lembur": 40000,
            "bonus_absensi": 25000,
            "bonus": 448703,
            "tunj_jabatan": 0,
            "tunj_bpjs": 30000,
            "potongan": 0,
            "catatan": "",
            "total": 1642838,
            "target": 25152916,
            "level": 15,
            "progress": 118.93,
            "penjualan": 29913525
        }
    ],
    "params": {
        "currency": "IDR"
    },
    "__meta__": {
        "version": "1.1",
        "saved_at": "2025-10-01T08:23:28+02:00"
    }
}