{
    "bulan": "2025-10",
    "items": [
        {
            "nik": "001",
            "nama": "FONITA",
            "jabatan": "Karyawan",
            "gapok": 875000,
            "komisi": 209700,
            "lembur": 15000,
            "bonus_absensi": 0,
            "bonus": 104850,
            "tunj_jabatan": 0,
            "tunj_bpjs": 30000,
            "potongan": 0,
            "catatan": "",
            "absen_disetujui_days": 2,
            "absen_ot_days": 3,
            "total": 1234550,
            "penjualan": 20969990,
            "bonus_individu": 0,
            "bonus_kolektif": 104850,
            "manual_attendance": 1
        },
        {
            "nik": "003",
            "nama": "DEVITA AL ZAHRA",
            "jabatan": "Karyawan",
            "gapok": 850000,
            "komisi": 314261,
            "lembur": 15000,
            "bonus_absensi": 0,
            "bonus": 785654,
            "tunj_jabatan": 0,
            "tunj_bpjs": 30000,
            "potongan": 0,
            "catatan": "",
            "absen_disetujui_days": 2,
            "absen_ot_days": 3,
            "total": 1994915,
            "penjualan": 31426135,
            "bonus_individu": 628523,
            "bonus_kolektif": 157131,
            "manual_attendance": 1
        },
        {
            "nik": "006",
            "nama": "SAID AWALUDIN",
            "jabatan": "Senior",
            "gapok": 925000,
            "komisi": 253700,
            "lembur": 10000,
            "bonus_absensi": 25000,
            "bonus": 253700,
            "tunj_jabatan": 150000,
            "tunj_bpjs": 30000,
            "potongan": 0,
            "catatan": "",
            "absen_disetujui_days": 1,
            "absen_ot_days": 2,
            "total": 1647400,
            "penjualan": 25369965,
            "bonus_individu": 126850,
            "bonus_kolektif": 126850,
            "manual_attendance": 1
        },
        {
            "nik": "010",
            "nama": "CITRA AYU",
            "jabatan": "Senior",
            "gapok": 900000,
            "komisi": 310107,
            "lembur": 30000,
            "bonus_absensi": 25000,
            "bonus": 775268,
            "tunj_jabatan": 150000,
            "tunj_bpjs": 30000,
            "potongan": 0,
            "catatan": "",
            "absen_disetujui_days": 1,
            "absen_ot_days": 6,
            "total": 2220375,
            "penjualan": 31010710,
            "bonus_individu": 620214,
            "bonus_kolektif": 155054,
            "manual_attendance": 1
        },
        {
            "nik": "014",
            "nama": "INDRA LEKSMANA",
            "jabatan": "Senior",
            "gapok": 925000,
            "komisi": 312242,
            "lembur": 10000,
            "bonus_absensi": 25000,
            "bonus": 780606,
            "tunj_jabatan": 150000,
            "tunj_bpjs": 30000,
            "potongan": 0,
            "catatan": "",
            "absen_disetujui_days": 1,
            "absen_ot_days": 2,
            "total": 2232848,
            "penjualan": 31224230,
            "bonus_individu": 624485,
            "bonus_kolektif": 156121,
            "manual_attendance": 1
        },
        {
            "nik": "016",
            "nama": "LUTFI",
            "jabatan": "Karyawan",
            "gapok": 875000,
            "komisi": 276758,
            "lembur": 10000,
            "bonus_absensi": 0,
            "bonus": 276758,
            "tunj_jabatan": 0,
            "tunj_bpjs": 30000,
            "potongan": 0,
            "catatan": "",
            "absen_disetujui_days": 2,
            "absen_ot_days": 2,
            "total": 1468516,
            "penjualan": 27675760,
            "bonus_individu": 138379,
            "bonus_kolektif": 138379,
            "manual_attendance": 1
        },
        {
            "nik": "019",
            "nama": "RIA",
            "jabatan": "Senior",
            "gapok": 900000,
            "komisi": 163671,
            "lembur": 15000,
            "bonus_absensi": 0,
            "bonus": 81835,
            "tunj_jabatan": 150000,
            "tunj_bpjs": 30000,
            "potongan": 0,
            "catatan": "",
            "absen_disetujui_days": 2,
            "absen_ot_days": 3,
            "total": 1340506,
            "penjualan": 16367050,
            "bonus_individu": 0,
            "bonus_kolektif": 81835,
            "manual_attendance": 1
        },
        {
            "nik": "023",
            "nama": "SALSA",
            "jabatan": "Karyawan",
            "gapok": 850000,
            "komisi": 192888,
            "lembur": 15000,
            "bonus_absensi": 0,
            "bonus": 96444,
            "tunj_jabatan": 0,
            "tunj_bpjs": 30000,
            "potongan": 0,
            "catatan": "",
            "absen_disetujui_days": 3,
            "absen_ot_days": 3,
            "total": 1184332,
            "penjualan": 19288845,
            "bonus_individu": 0,
            "bonus_kolektif": 96444,
            "manual_attendance": 1
        },
        {
            "nik": "025",
            "nama": "DIMAS",
            "jabatan": "Karyawan",
            "gapok": 850000,
            "komisi": 277853,
            "lembur": 10000,
            "bonus_absensi": 25000,
            "bonus": 416780,
            "tunj_jabatan": 0,
            "tunj_bpjs": 30000,
            "potongan": 0,
            "catatan": "",
            "absen_disetujui_days": 1,
            "absen_ot_days": 2,
            "total": 1609633,
            "penjualan": 27785345,
            "bonus_individu": 277853,
            "bonus_kolektif": 138927,
            "manual_attendance": 1
        },
        {
            "nik": "059",
            "nama": "ELVA",
            "jabatan": "Karyawan",
            "gapok": 850000,
            "komisi": 192298,
            "lembur": 10000,
            "bonus_absensi": 25000,
            "bonus": 96149,
            "tunj_jabatan": 0,
            "tunj_bpjs": 30000,
            "potongan": 0,
            "catatan": "",
            "absen_disetujui_days": 1,
            "absen_ot_days": 2,
            "total": 1203447,
            "penjualan": 19229780,
            "bonus_individu": 0,
            "bonus_kolektif": 96149,
            "manual_attendance": 1
        },
        {
            "nik": "064",
            "nama": "UMI ERRA",
            "jabatan": "Karyawan",
            "gapok": 850000,
            "komisi": 190235,
            "lembur": 30000,
            "bonus_absensi": 0,
            "bonus": 95118,
            "tunj_jabatan": 0,
            "tunj_bpjs": 30000,
            "potongan": 0,
            "catatan": "",
            "absen_disetujui_days": 2,
            "absen_ot_days": 6,
            "total": 1195353,
            "penjualan": 19023525,
            "bonus_individu": 0,
            "bonus_kolektif": 95118,
            "manual_attendance": 1
        },
        {
            "nik": "121",
            "nama": "EVI",
            "jabatan": "Karyawan",
            "gapok": 850000,
            "komisi": 223607,
            "lembur": 15000,
            "bonus_absensi": 0,
            "bonus": 111804,
            "tunj_jabatan": 0,
            "tunj_bpjs": 30000,
            "potongan": 0,
            "catatan": "",
            "absen_disetujui_days": 2,
            "absen_ot_days": 3,
            "total": 1230411,
            "penjualan": 22360720,
            "bonus_individu": 0,
            "bonus_kolektif": 111804,
            "manual_attendance": 1
        },
        {
            "nik": "125",
            "nama": "RENA",
            "jabatan": "Karyawan",
            "gapok": 850000,
            "komisi": 327272,
            "lembur": 15000,
            "bonus_absensi": 25000,
            "bonus": 818180,
            "tunj_jabatan": 0,
            "tunj_bpjs": 30000,
            "potongan": 0,
            "catatan": "",
            "absen_disetujui_days": 1,
            "absen_ot_days": 3,
            "total": 2065452,
            "penjualan": 32727175,
            "bonus_individu": 654544,
            "bonus_kolektif": 163636,
            "manual_attendance": 1
        },
        {
            "nik": "146",
            "nama": "NIKE",
            "jabatan": "Karyawan",
            "gapok": 800000,
            "komisi": 369318,
            "lembur": 10000,
            "bonus_absensi": 0,
            "bonus": 923295,
            "tunj_jabatan": 0,
            "tunj_bpjs": 30000,
            "potongan": 0,
            "catatan": "",
            "absen_disetujui_days": 2,
            "absen_ot_days": 2,
            "total": 2132613,
            "penjualan": 36931800,
            "bonus_individu": 738636,
            "bonus_kolektif": 184659,
            "manual_attendance": 1
        },
        {
            "nik": "203",
            "nama": "SALIS AMAR",
            "jabatan": "Karyawan",
            "gapok": 800000,
            "komisi": 288161,
            "lembur": 20000,
            "bonus_absensi": 25000,
            "bonus": 432241,
            "tunj_jabatan": 0,
            "tunj_bpjs": 30000,
            "potongan": 0,
            "catatan": "",
            "absen_disetujui_days": 1,
            "absen_ot_days": 4,
            "total": 1595402,
            "penjualan": 28816075,
            "bonus_individu": 288161,
            "bonus_kolektif": 144080,
            "manual_attendance": 1
        }
    ],
    "params": {
        "currency": "IDR"
    },
    "__meta__": {
        "version": "2.1",
        "saved_at": "2025-11-01T09:20:06+07:00"
    }
}