{
    "bulan": "2025-11",
    "items": [
        {
            "nik": "001",
            "nama": "FONITA",
            "jabatan": "Karyawan",
            "gapok": 875000,
            "komisi": 232555,
            "lembur": 10000,
            "bonus_absensi": 0,
            "bonus": 232554,
            "tunj_jabatan": 0,
            "tunj_bpjs": 30000,
            "potongan": 0,
            "catatan": "",
            "absen_disetujui_days": 3,
            "absen_ot_days": 1,
            "total": 1380109,
            "penjualan": 23255475,
            "bonus_individu": 116277,
            "bonus_kolektif": 116277,
            "manual_attendance": 1
        },
        {
            "nik": "003",
            "nama": "DEVITA AL ZAHRA",
            "jabatan": "Karyawan",
            "gapok": 850000,
            "komisi": 290668,
            "lembur": 30000,
            "bonus_absensi": 0,
            "bonus": 726670,
            "tunj_jabatan": 0,
            "tunj_bpjs": 30000,
            "potongan": 0,
            "catatan": "",
            "absen_disetujui_days": 3,
            "absen_ot_days": 3,
            "total": 1927338,
            "penjualan": 29066815,
            "bonus_individu": 581336,
            "bonus_kolektif": 145334,
            "manual_attendance": 1
        },
        {
            "nik": "006",
            "nama": "SAID AWALUDIN",
            "jabatan": "Senior",
            "gapok": 925000,
            "komisi": 259642,
            "lembur": 20000,
            "bonus_absensi": 0,
            "bonus": 389463,
            "tunj_jabatan": 150000,
            "tunj_bpjs": 30000,
            "potongan": 0,
            "catatan": "",
            "absen_disetujui_days": 2,
            "absen_ot_days": 2,
            "total": 1774105,
            "penjualan": 25964205,
            "bonus_individu": 259642,
            "bonus_kolektif": 129821,
            "manual_attendance": 1
        },
        {
            "nik": "010",
            "nama": "CITRA AYU",
            "jabatan": "Senior",
            "gapok": 900000,
            "komisi": 262663,
            "lembur": 40000,
            "bonus_absensi": 25000,
            "bonus": 393994,
            "tunj_jabatan": 150000,
            "tunj_bpjs": 30000,
            "potongan": 0,
            "catatan": "",
            "absen_disetujui_days": 1,
            "absen_ot_days": 5,
            "total": 1801657,
            "penjualan": 26266265,
            "bonus_individu": 262663,
            "bonus_kolektif": 131331,
            "manual_attendance": 1
        },
        {
            "nik": "014",
            "nama": "INDRA LEKSMANA",
            "jabatan": "Senior",
            "gapok": 925000,
            "komisi": 207191,
            "lembur": 20000,
            "bonus_absensi": 0,
            "bonus": 103595,
            "tunj_jabatan": 150000,
            "tunj_bpjs": 30000,
            "potongan": 0,
            "catatan": "",
            "absen_disetujui_days": 2,
            "absen_ot_days": 2,
            "total": 1435786,
            "penjualan": 20719055,
            "bonus_individu": 0,
            "bonus_kolektif": 103595,
            "manual_attendance": 1
        },
        {
            "nik": "016",
            "nama": "LUTFI",
            "jabatan": "Karyawan",
            "gapok": 875000,
            "komisi": 319306,
            "lembur": 20000,
            "bonus_absensi": 25000,
            "bonus": 798265,
            "tunj_jabatan": 0,
            "tunj_bpjs": 30000,
            "potongan": 0,
            "catatan": "",
            "absen_disetujui_days": 1,
            "absen_ot_days": 2,
            "total": 2067571,
            "penjualan": 31930620,
            "bonus_individu": 638612,
            "bonus_kolektif": 159653,
            "manual_attendance": 1
        },
        {
            "nik": "019",
            "nama": "RIA",
            "jabatan": "Senior",
            "gapok": 900000,
            "komisi": 274466,
            "lembur": 20000,
            "bonus_absensi": 0,
            "bonus": 548932,
            "tunj_jabatan": 150000,
            "tunj_bpjs": 30000,
            "potongan": 0,
            "catatan": "",
            "absen_disetujui_days": 3,
            "absen_ot_days": 2,
            "total": 1923398,
            "penjualan": 27446600,
            "bonus_individu": 411699,
            "bonus_kolektif": 137233,
            "manual_attendance": 1
        },
        {
            "nik": "023",
            "nama": "SALSA",
            "jabatan": "Karyawan",
            "gapok": 850000,
            "komisi": 203269,
            "lembur": 30000,
            "bonus_absensi": 0,
            "bonus": 101634,
            "tunj_jabatan": 0,
            "tunj_bpjs": 30000,
            "potongan": 0,
            "catatan": "",
            "absen_disetujui_days": 3,
            "absen_ot_days": 3,
            "total": 1214903,
            "penjualan": 20326870,
            "bonus_individu": 0,
            "bonus_kolektif": 101634,
            "manual_attendance": 1
        },
        {
            "nik": "025",
            "nama": "DIMAS",
            "jabatan": "Karyawan",
            "gapok": 850000,
            "komisi": 330946,
            "lembur": 40000,
            "bonus_absensi": 25000,
            "bonus": 827364,
            "tunj_jabatan": 0,
            "tunj_bpjs": 30000,
            "potongan": 0,
            "catatan": "",
            "absen_disetujui_days": 1,
            "absen_ot_days": 5,
            "total": 2103310,
            "penjualan": 33094565,
            "bonus_individu": 661891,
            "bonus_kolektif": 165473,
            "manual_attendance": 1
        },
        {
            "nik": "059",
            "nama": "ELVA",
            "jabatan": "Karyawan",
            "gapok": 850000,
            "komisi": 250932,
            "lembur": 20000,
            "bonus_absensi": 25000,
            "bonus": 250932,
            "tunj_jabatan": 0,
            "tunj_bpjs": 30000,
            "potongan": 0,
            "catatan": "",
            "absen_disetujui_days": 1,
            "absen_ot_days": 2,
            "total": 1426864,
            "penjualan": 25093235,
            "bonus_individu": 125466,
            "bonus_kolektif": 125466,
            "manual_attendance": 1
        },
        {
            "nik": "064",
            "nama": "UMI ERRA",
            "jabatan": "Karyawan",
            "gapok": 850000,
            "komisi": 245990,
            "lembur": 0,
            "bonus_absensi": 25000,
            "bonus": 245990,
            "tunj_jabatan": 0,
            "tunj_bpjs": 30000,
            "potongan": 0,
            "catatan": "",
            "absen_disetujui_days": 1,
            "absen_ot_days": 0,
            "total": 1396980,
            "penjualan": 24598950,
            "bonus_individu": 122995,
            "bonus_kolektif": 122995,
            "manual_attendance": 1
        },
        {
            "nik": "121",
            "nama": "EVI",
            "jabatan": "Karyawan",
            "gapok": 850000,
            "komisi": 163491,
            "lembur": 10000,
            "bonus_absensi": 0,
            "bonus": 81746,
            "tunj_jabatan": 0,
            "tunj_bpjs": 30000,
            "potongan": 0,
            "catatan": "",
            "absen_disetujui_days": 2,
            "absen_ot_days": 1,
            "total": 1135237,
            "penjualan": 16349105,
            "bonus_individu": 0,
            "bonus_kolektif": 81746,
            "manual_attendance": 1
        },
        {
            "nik": "125",
            "nama": "RENA",
            "jabatan": "Karyawan",
            "gapok": 850000,
            "komisi": 344461,
            "lembur": 30000,
            "bonus_absensi": 0,
            "bonus": 861154,
            "tunj_jabatan": 0,
            "tunj_bpjs": 30000,
            "potongan": 0,
            "catatan": "",
            "absen_disetujui_days": 2,
            "absen_ot_days": 3,
            "total": 2115615,
            "penjualan": 34446135,
            "bonus_individu": 688923,
            "bonus_kolektif": 172231,
            "manual_attendance": 1
        },
        {
            "nik": "146",
            "nama": "NIKE",
            "jabatan": "Karyawan",
            "gapok": 293333,
            "komisi": 87239,
            "lembur": 10000,
            "bonus_absensi": 0,
            "bonus": 43620,
            "tunj_jabatan": 0,
            "tunj_bpjs": 30000,
            "potongan": 0,
            "catatan": "",
            "absen_disetujui_days": 20,
            "absen_ot_days": 1,
            "total": 464192,
            "penjualan": 8723930,
            "bonus_individu": 0,
            "bonus_kolektif": 43620,
            "manual_attendance": 1
        },
        {
            "nik": "203",
            "nama": "SALIS AMAR",
            "jabatan": "Karyawan",
            "gapok": 800000,
            "komisi": 331185,
            "lembur": 25000,
            "bonus_absensi": 0,
            "bonus": 827964,
            "tunj_jabatan": 0,
            "tunj_bpjs": 30000,
            "potongan": 0,
            "catatan": "",
            "absen_disetujui_days": 2,
            "absen_ot_days": 3,
            "total": 2014149,
            "penjualan": 33118525,
            "bonus_individu": 662371,
            "bonus_kolektif": 165593,
            "manual_attendance": 1
        }
    ],
    "params": {
        "currency": "IDR"
    },
    "__meta__": {
        "version": "2.1",
        "saved_at": "2025-12-01T09:40:16+07:00"
    }
}