{
    "bulan": "2025-09",
    "items": [
        {
            "nik": "001",
            "nama": "001",
            "jabatan": "Karyawan",
            "gapok": 875000,
            "komisi": 264433,
            "lembur": 0,
            "bonus_absensi": 50000,
            "bonus": 132217,
            "tunj_jabatan": 0,
            "tunj_bpjs": 30000,
            "potongan": 0,
            "catatan": "",
            "absen_overtime_days": 0,
            "absen_libur_x": 0,
            "total": 1351650,
            "target": 0,
            "level": 5,
            "progress": 0,
            "penjualan": 26443330
        },
        {
            "nik": "003",
            "nama": "003",
            "jabatan": "Karyawan",
            "gapok": 850000,
            "komisi": 239307,
            "lembur": 0,
            "bonus_absensi": 50000,
            "bonus": 0,
            "tunj_jabatan": 0,
            "tunj_bpjs": 30000,
            "potongan": 0,
            "catatan": "",
            "absen_overtime_days": 0,
            "absen_libur_x": 0,
            "total": 1169307,
            "target": 0,
            "level": null,
            "progress": 0,
            "penjualan": 23930720
        },
        {
            "nik": "006",
            "nama": "006",
            "jabatan": "Senior",
            "gapok": 925000,
            "komisi": 188464,
            "lembur": 0,
            "bonus_absensi": 50000,
            "bonus": 0,
            "tunj_jabatan": 150000,
            "tunj_bpjs": 30000,
            "potongan": 0,
            "catatan": "",
            "absen_overtime_days": 0,
            "absen_libur_x": 0,
            "total": 1343464,
            "target": 0,
            "level": null,
            "progress": 0,
            "penjualan": 18846420
        },
        {
            "nik": "010",
            "nama": "010",
            "jabatan": "Senior",
            "gapok": 900000,
            "komisi": 214188,
            "lembur": 0,
            "bonus_absensi": 50000,
            "bonus": 0,
            "tunj_jabatan": 150000,
            "tunj_bpjs": 30000,
            "potongan": 0,
            "catatan": "",
            "absen_overtime_days": 0,
            "absen_libur_x": 0,
            "total": 1344188,
            "target": 0,
            "level": null,
            "progress": 0,
            "penjualan": 21418810
        },
        {
            "nik": "014",
            "nama": "014",
            "jabatan": "Senior",
            "gapok": 925000,
            "komisi": 186117,
            "lembur": 0,
            "bonus_absensi": 50000,
            "bonus": 0,
            "tunj_jabatan": 150000,
            "tunj_bpjs": 30000,
            "potongan": 0,
            "catatan": "",
            "absen_overtime_days": 0,
            "absen_libur_x": 0,
            "total": 1341117,
            "target": 0,
            "level": null,
            "progress": 0,
            "penjualan": 18611680
        },
        {
            "nik": "016",
            "nama": "016",
            "jabatan": "Karyawan",
            "gapok": 875000,
            "komisi": 290581,
            "lembur": 0,
            "bonus_absensi": 50000,
            "bonus": 435872,
            "tunj_jabatan": 0,
            "tunj_bpjs": 30000,
            "potongan": 0,
            "catatan": "",
            "absen_overtime_days": 0,
            "absen_libur_x": 0,
            "total": 1681453,
            "target": 0,
            "level": 15,
            "progress": 0,
            "penjualan": 29058105
        },
        {
            "nik": "019",
            "nama": "019",
            "jabatan": "Senior",
            "gapok": 900000,
            "komisi": 238148,
            "lembur": 0,
            "bonus_absensi": 50000,
            "bonus": 0,
            "tunj_jabatan": 150000,
            "tunj_bpjs": 30000,
            "potongan": 0,
            "catatan": "",
            "absen_overtime_days": 0,
            "absen_libur_x": 0,
            "total": 1368148,
            "target": 0,
            "level": null,
            "progress": 0,
            "penjualan": 23814805
        },
        {
            "nik": "023",
            "nama": "023",
            "jabatan": "Karyawan",
            "gapok": 850000,
            "komisi": 199198,
            "lembur": 0,
            "bonus_absensi": 50000,
            "bonus": 0,
            "tunj_jabatan": 0,
            "tunj_bpjs": 30000,
            "potongan": 0,
            "catatan": "",
            "absen_overtime_days": 0,
            "absen_libur_x": 0,
            "total": 1129198,
            "target": 0,
            "level": null,
            "progress": 0,
            "penjualan": 19919840
        },
        {
            "nik": "025",
            "nama": "025",
            "jabatan": "Karyawan",
            "gapok": 850000,
            "komisi": 227010,
            "lembur": 0,
            "bonus_absensi": 50000,
            "bonus": 0,
            "tunj_jabatan": 0,
            "tunj_bpjs": 30000,
            "potongan": 0,
            "catatan": "",
            "absen_overtime_days": 0,
            "absen_libur_x": 0,
            "total": 1157010,
            "target": 0,
            "level": null,
            "progress": 0,
            "penjualan": 22701035
        },
        {
            "nik": "059",
            "nama": "059",
            "jabatan": "Karyawan",
            "gapok": 850000,
            "komisi": 199329,
            "lembur": 0,
            "bonus_absensi": 50000,
            "bonus": 0,
            "tunj_jabatan": 0,
            "tunj_bpjs": 30000,
            "potongan": 0,
            "catatan": "",
            "absen_overtime_days": 0,
            "absen_libur_x": 0,
            "total": 1129329,
            "target": 0,
            "level": null,
            "progress": 0,
            "penjualan": 19932860
        },
        {
            "nik": "064",
            "nama": "064",
            "jabatan": "Karyawan",
            "gapok": 850000,
            "komisi": 198592,
            "lembur": 0,
            "bonus_absensi": 50000,
            "bonus": 0,
            "tunj_jabatan": 0,
            "tunj_bpjs": 30000,
            "potongan": 0,
            "catatan": "",
            "absen_overtime_days": 0,
            "absen_libur_x": 0,
            "total": 1128592,
            "target": 0,
            "level": null,
            "progress": 0,
            "penjualan": 19859220
        },
        {
            "nik": "121",
            "nama": "121",
            "jabatan": "Karyawan",
            "gapok": 850000,
            "komisi": 200633,
            "lembur": 0,
            "bonus_absensi": 50000,
            "bonus": 0,
            "tunj_jabatan": 0,
            "tunj_bpjs": 30000,
            "potongan": 0,
            "catatan": "",
            "absen_overtime_days": 0,
            "absen_libur_x": 0,
            "total": 1130633,
            "target": 0,
            "level": null,
            "progress": 0,
            "penjualan": 20063255
        },
        {
            "nik": "125",
            "nama": "125",
            "jabatan": "Karyawan",
            "gapok": 850000,
            "komisi": 295716,
            "lembur": 0,
            "bonus_absensi": 50000,
            "bonus": 443574,
            "tunj_jabatan": 0,
            "tunj_bpjs": 30000,
            "potongan": 0,
            "catatan": "",
            "absen_overtime_days": 0,
            "absen_libur_x": 0,
            "total": 1669290,
            "target": 0,
            "level": 15,
            "progress": 0,
            "penjualan": 29571600
        },
        {
            "nik": "146",
            "nama": "146",
            "jabatan": "Karyawan",
            "gapok": 800000,
            "komisi": 293497,
            "lembur": 0,
            "bonus_absensi": 50000,
            "bonus": 440245,
            "tunj_jabatan": 0,
            "tunj_bpjs": 30000,
            "potongan": 0,
            "catatan": "",
            "absen_overtime_days": 0,
            "absen_libur_x": 0,
            "total": 1613742,
            "target": 0,
            "level": 15,
            "progress": 0,
            "penjualan": 29349660
        },
        {
            "nik": "203",
            "nama": "203",
            "jabatan": "Karyawan",
            "gapok": 800000,
            "komisi": 299135,
            "lembur": 0,
            "bonus_absensi": 50000,
            "bonus": 448703,
            "tunj_jabatan": 0,
            "tunj_bpjs": 30000,
            "potongan": 0,
            "catatan": "",
            "absen_overtime_days": 0,
            "absen_libur_x": 0,
            "total": 1627838,
            "target": 0,
            "level": 15,
            "progress": 0,
            "penjualan": 29913525
        }
    ],
    "params": {
        "currency": "IDR"
    },
    "__meta__": {
        "version": "1.2",
        "saved_at": "2025-10-01T18:00:23+07:00"
    }
}